Workbook

Sheet adidas_usa
A1: url | B1: name | C1: sku | D1: selling_price | E1: original_price | F1: currency | G1: availability | H1: color | I1: category | J1: source | K1: source_website | L1: breadcrumbs | M1: description | N1: brand | O1: country | P1: language | Q1: average_rating | R1: reviews_count | S1: crawled_at
A2: https://www.adidas.com/us/beach-shorts/FJ5089.html | B2: Beach Shorts | C2: FJ5089 | D2: 40 | F2: USD | G2: InStock | H2: Black | I2: Clothing | J2: adidas United States | K2: https://www.adidas.com | L2: Women/Clothing | M2: Splashing in the surf. Making memories with your friends. Beach days are the best days. These shorts are made of stretchy woven fabric. An elastic waistband that features the adidas logo brings a sporty look to your day at the beach. | N2: adidas | O2: USA | P2: en | Q2: 4.5 | R2: 35 | S2: 44492.743
A3: https://www.adidas.com/us/five-ten-kestrel-lace-mountain-bike-shoes/BC0770.html | B3: Five Ten Kestrel Lace Mountain Bike Shoes | C3: BC0770 | D3: 150 | F3: USD | G3: InStock | H3: Grey | I3: Shoes | J3: adidas United States | K3: https://www.adidas.com | L3: Women/Shoes | M3: Lace up and get after it. The Five Ten Kestrel Lace Mountain Bike Shoes offer efficient pedal power with low-profile style. The wide platform is compatible with all clipless pedals and offers high-friction grip on and off the bike. You'll find the find comfort and versatility for extended trail rides and afterwork hot laps alike. | N3: adidas | O3: USA | P3: en | Q3: 4.8 | R3: 4 | S3: 44492.743
A4: https://www.adidas.com/us/mexico-away-jersey/GC7946.html | B4: Mexico Away Jersey | C4: GC7946 | D4: 70 | F4: USD | G4: InStock | H4: White | I4: Clothing | J4: adidas United States | K4: https://www.adidas.com | L4: Kids/Clothing | M4: Clean and crisp; this adidas Mexico Away Jersey for juniors displays a design that began life in an artist's studio. Soft; quick-drying fabric keeps you comfortable. Standing out on the chest; a team badge lets fans show pride in their soccer team. | N4: adidas | O4: USA | P4: en | Q4: 4.9 | R4: 42 | S4: 44492.743
A5: https://www.adidas.com/us/five-ten-hiangle-pro-competition-climbing-shoes/FV4744.html | B5: Five Ten Hiangle Pro Competition Climbing Shoes | C5: FV4744 | D5: 160 | F5: USD | G5: InStock | H5: Black | I5: Shoes | J5: adidas United States | K5: https://www.adidas.com | L5: Five Ten/Shoes | M5: The Hiangle Pro takes on the classic shape of the original Hiangle with the addition of a seamless outsole wrapping around the toes; allowing for maximum rubber contact when tackling the most challenging boulder problems. | N5: adidas | O5: USA | P5: en | Q5: 3.7 | R5: 7 | S5: 44492.743
A6: https://www.adidas.com/us/mesh-broken-stripe-polo-shirt/GM0239.html | B6: Mesh Broken-Stripe Polo Shirt | C6: GM0239 | D6: 65 | F6: USD | G6: InStock | H6: Blue | I6: Clothing | J6: adidas United States | K6: https://www.adidas.com | L6: Men/Clothing | M6: Step up to the tee relaxed. This adidas golf polo shirt lets you focus on accurate drives and putts. Four-way stretch matches the body's natural movements. Breathable fabric keeps you comfortable spring; summer and fall. Recycled materials are one step towards reducing plastic waste. | N6: adidas | O6: USA | P6: en | Q6: 4.7 | R6: 11 | S6: 44492.743
A7: https://www.adidas.com/us/eqt-spikeless-golf-shoes/FX7449.html | B7: EQT Spikeless Golf Shoes | C7: FX7449 | D7: 110 | F7: USD | G7: InStock | H7: Grey | I7: Shoes | J7: adidas United States | K7: https://www.adidas.com | L7: Women/Shoes | M7: Put comfort first. These adidas spikeless golf shoes combine a Bounce midsole and a Boost heel for a lightweight; responsive feel that helps you convert bogie's to birdies. They repel water to keep your feet dry through wet fairways. The versatile rubber outsole ensures easy transitions from your final putt to cold drinks at the clubhouse. Recycled materials are one step towards reducing plastic waste. | N7: adidas | O7: USA | P7: en | Q7: 4.9 | R7: 30 | S7: 44492.743
A8: https://www.adidas.com/us/adicross-hybrid-shorts/GM5505.html | B8: Adicross Hybrid Shorts | C8: GM5505 | D8: 80 | F8: USD | G8: InStock | H8: Black | I8: Clothing | J8: adidas United States | K8: https://www.adidas.com | L8: Men/Clothing | M8: On the golf course; comfort is an essential component of keeping your concentration locked in on each shot. Stay focused as the temperature heats up with these ultra-lightweight adidas shorts. Move naturally through your round from the first tee to the 18th green. Then head for the clubhouse feeling ready for whatever comes next. | N8: adidas | O8: USA | P8: en | Q8: 4.5 | R8: 17 | S8: 44492.743
A9: https://www.adidas.com/us/tiro-21-windbreaker/GP4975.html | B9: Tiro 21 Windbreaker | C9: GP4975 | D9: 60 | F9: USD | G9: InStock | H9: Black | I9: Clothing | J9: adidas United States | K9: https://www.adidas.com | L9: Kids/Clothing | M9: You can't always be a force of nature in soccer training. So when the intensity drops and the winds pick up; this juniors' adidas Tiro 21 Windbreaker has you covered. Moisture-absorbing AEROREADY and a mesh lining keep you dry. The streamlined silhouette ensures nothing gets in the way of your ball skills on the touchline. This product is made with recycled content as part of our ambition to end plastic waste. | N9: adidas | O9: USA | P9: en | Q9: 4.5 | R9: 16 | S9: 44492.743
A10: https://www.adidas.com/us/classic-3-stripes-swimsuit/FS3923.html | B10: Classic 3-Stripes Swimsuit | C10: FS3923 | D10: 40 | F10: USD | G10: InStock | H10: Black | I10: Clothing | J10: adidas United States | K10: https://www.adidas.com | L10: Women/Clothing | M10: You can show your concern for the health of the oceans while you increase your fitness in the pool. This adidas swimsuit is designed for comfort and support. Soft and fully lined; it's made with yarn spun from recycled materials. Iconic 3-Stripes tape on the sides gives it a sporty and classic look. | N10: adidas | O10: USA | P10: en | Q10: 4.5 | R10: 35 | S10: 44492.743
A11: https://www.adidas.com/us/tiro-21-windbreaker/GP4967.html | B11: Tiro 21 Windbreaker | C11: GP4967 | D11: 65 | F11: USD | G11: InStock | H11: Black | I11: Clothing | J11: adidas United States | K11: https://www.adidas.com | L11: Men/Clothing | M11: You can't always be a force of nature in soccer training. So when the intensity drops and the breeze picks up; this adidas Tiro 21 Windbreaker has you covered on the sidelines. Moisture-absorbing AEROREADY and a mesh lining help keep you dry while you're sheltering. The streamlined silhouette means you can stay mobile while you're waiting for the gusts to die down. | N11: adidas | O11: USA | P11: en | Q11: 4.8 | R11: 66 | S11: 44492.743
A12: https://www.adidas.com/us/formotion-sculpt-biker-short-tights/GL1127.html | B12: Formotion Sculpt Biker Short Tights | C12: GL1127 | D12: 60 | F12: USD | G12: InStock | H12: Black | I12: Clothing | J12: adidas United States | K12: https://www.adidas.com | L12: Women/Clothing | M12: Sometimes confidence comes in a surprising form. These adidas short tights have a unique sculpted shape to hold you in and targeted compression zones that support your muscles as you bend and stretch. If a compression look is not your thing; order a size up. An adaptive FORMOTION design follows your natural movement for a better fit and greater comfort in motion. A high-rise waist helps you focus; even before class begins. | N12: adidas | O12: USA | P12: en | Q12: 4.4 | R12: 26 | S12: 44492.743
A13: https://www.adidas.com/us/athletic-cushioned-crew-socks-6-pairs/B93219.html | B13: Athletic Cushioned Crew Socks 6 Pairs | C13: B93219 | D13: 20 | F13: USD | G13: InStock | H13: White | I13: Accessories | J13: adidas United States | K13: https://www.adidas.com | L13: Men/Accessories | M13: Stop searching for the lost match to your favorite socks. With six pairs of matching socks; you'll always have a set. These adidas crew socks support your feet with foot-hugging arch support. The stretch blend pulls moisture away from the skin to keep feet feeling dry. | N13: adidas | O13: USA | P13: en | Q13: 4 | R13: 5 | S13: 44492.743
... A16: https://www.adidas.com/us/tour-camo-print-hat/GM7499.html | B16: Tour Camo-Print Hat | C16: GM7499 | D16: 30 | F16: USD | G16: InStock | H16: Blue | I16: Accessories | J16: adidas United States | K16: https://www.adidas.com | L16: Men/Accessories | M16: Whether you prefer to dress it up or keep it casual; this adidas golf hat adds the finishing touch to any look on the links. Block your face from the bright sun as you eye the green. Play through in comfort and head for the clubhouse in versatile; street-inspired style. This product is made with Primegreen; a series of high-performance recycled materials. | N16: adidas | O16: USA | P16: en | Q16: 5 | R16: 19 | S16: 44492.743
A17: https://www.adidas.com/us/essentials-loose-logo-tank-top/H07758.html | B17: Essentials Loose Logo Tank Top | C17: H07758 | D17: 20 | E17: 25 | F17: USD | G17: InStock | H17: Purple | I17: Clothing | J17: adidas United States | K17: https://www.adidas.com | L17: Women/Clothing | M17: What's on the agenda? Whether it's a quick lunch hour workout or a casual hang; you're covered with this adidas tank top. The fit is not too tight and not too loose — just perfectly comfortable. The high neck keeps things covered up front; and the racerback shows off your sports bra while also making sure you have a full range of motion. | N17: adidas | O17: USA | P17: en | Q17: 4.8 | R17: 116 | S17: 44492.743
A18: https://www.adidas.com/us/essentials-loose-logo-tank-top/H07757.html | B18: Essentials Loose Logo Tank Top | C18: H07757 | D18: 20 | E18: 25 | F18: USD | G18: InStock | H18: Pink | I18: Clothing | J18: adidas United States | K18: https://www.adidas.com | L18: Women/Clothing | M18: What's on the agenda? Whether it's a quick lunch hour workout or a casual hang; you're covered with this adidas tank top. The fit is not too tight and not too loose — just perfectly comfortable. The high neck keeps things covered up front; and the racerback shows off your sports bra while also making sure you have a full range of motion. | N18: adidas | O18: USA | P18: en | Q18: 4.8 | R18: 116 | S18: 44492.743
A19: https://www.adidas.com/us/superstar-shoes/FV3143.html | B19: Superstar Shoes | C19: FV3143 | D19: 50 | F19: USD | G19: InStock | H19: White | I19: Shoes | J19: adidas United States | K19: https://www.adidas.com | L19: Kids/Shoes | M19: Ready to shine. Whether they're watching a game from the sidelines or taking their first steps towards shooting hoops themselves; these shoes will set your infant up for success. Ever since 1970; when the adidas Superstar shoe first appeared on the basketball court; they've held their place as an icon. This version shines with iridescent 3-Stripes. Elastic laces allow for easy on and off. | N19: adidas | O19: USA | P19: en | Q19: 4.8 | R19: 46 | S19: 44492.743
A20: https://www.adidas.com/us/essentials-loose-logo-tank-top/H07756.html | B20: Essentials Loose Logo Tank Top | C20: H07756 | D20: 20 | E20: 25 | F20: USD | G20: InStock | H20: Green | I20: Clothing | J20: adidas United States | K20: https://www.adidas.com | L20: Women/Clothing | M20: What's on the agenda? Whether it's a quick lunch hour workout or a casual hang; you're covered with this adidas tank top. The fit is not too tight and not too loose — just perfectly comfortable. The high neck keeps things covered up front; and the racerback shows off your sports bra while also making sure you have a full range of motion. | N20: adidas | O20: USA | P20: en | Q20: 4.8 | R20: 116 | S20: 44492.743
A21: https://www.adidas.com/us/formotion-sculpt-tights/GN9137.html | B21: Formotion Sculpt Tights | C21: GN9137 | D21: 48 | E21: 80 | F21: USD | G21: InStock | H21: Blue | I21: Clothing | J21: adidas United States | K21: https://www.adidas.com | L21: Women/Clothing | M21: Sometimes confidence comes in a surprising form. These adidas tights have a unique sculpted shape to hold you in and targeted compression zones that support your muscles as you bend and stretch. If a compression look is not your thing; order a size up. An adaptive Formotion design follows your natural movement for a better fit and greater comfort in motion. A high rise and flattering length help you focus; even before class begins. | N21: adidas | O21: USA | P21: en | Q21: 4.2 | R21: 144 | S21: 44492.743
A22: https://www.adidas.com/us/marvel-x-ghosted.3-firm-ground-cleats/FZ1757.html | B22: Marvel X Ghosted.3 Firm Ground Cleats | C22: FZ1757 | D22: 64 | E22: 80 | F22: USD | G22: InStock | H22: Blue | I22: Shoes | J22: adidas United States | K22: https://www.adidas.com | L22: Soccer/Shoes | M22: X has mutated to give you superhuman acceleration. These limited-edition adidas soccer cleats fire a classic comic book character onto the pitch. Cyclops and Marvel X-Men graphics light up the semi-transparent and foot-hugging Speedskin upper as well as the insole. The low-cut silhouette with signature Clawcollar shape locks your foot in for match-long stability and support. The stretchy tongue ensures you can get into them in a flash. | N22: adidas | O22: USA | P22: en | Q22: 4.4 | R22: 160 | S22: 44492.743
A23: https://www.adidas.com/us/pureboost-21-shoes/GY5110.html | B23: Pureboost 21 Shoes | C23: GY5110 | D23: 91 | E23: 130 | F23: USD | G23: InStock | H23: Purple | I23: Shoes | J23: adidas United States | K23: https://www.adidas.com | L23: Women/Shoes | M23: For quick morning miles and more. These adidas Pureboost performance running shoes are so simple; you'll want to wear them beyond your daily run. With responsive BOOST; the comfort is clear as soon as you slip them on. The soft knit upper comes with an external heel counter; which locks your foot in place as you run down that last hill. | N23: adidas | O23: USA | P23: en | Q23: 4.5 | R23: 63 | S23: 44492.743
A24: https://www.adidas.com/us/lite-racer-byd-2.0-shoes/GZ8209.html | B24: Lite Racer BYD 2.0 Shoes | C24: GZ8209 | D24: 56 | E24: 70 | F24: USD | G24: InStock | H24: Grey | I24: Shoes | J24: adidas United States | K24: https://www.adidas.com | L24: Men/Shoes | M24: Simplicity; versatility and comfort. Lace up these running-inspired shoes on action-filled days. They're quick to slip on when you're racing out the door. The rubber outsole gives you traction on slippery and uneven surfaces. A Cloudfoam midsole is for a soft feel and all-day cushioning. This product is made with Primegreen; a series of high-performance recycled materials. 50% of the upper is recycled content. No virgin polyester. | N24: adidas | O24: USA | P24: en | Q24: 4.6 | R24: 135 | S24: 44492.743
A25: https://www.adidas.com/us/adilette-shower-slides/FZ2853.html | B25: Adilette Shower Slides | C25: FZ2853 | D25: 20 | E25: 25 | F25: USD | G25: InStock | H25: Pink | I25: Shoes | J25: adidas United States | K25: https://www.adidas.com | L25: Women/Shoes | M25: When you hit the pool; there's only one thing you need: these adidas slides. Okay; and a bathing suit. The point is; there's no need to pack a separate pair of shoes in your gym bag. All your pre- and post-pool comfort is right here. The slides dry quickly; so hop out of the shower and straight into them before taking on the rest of the day. | N25: adidas | O25: USA | P25: en | Q25: 4.6 | R25: 327 | S25: 44492.743
A26: https://www.adidas.com/us/essentials-loose-logo-tank-top/GL0567.html | B26: Essentials Loose Logo Tank Top | C26: GL0567 | D26: 20 | E26: 25 | F26: USD | G26: InStock | H26: White | I26: Clothing | J26: adidas United States | K26: https://www.adidas.com | L26: Women/Clothing | M26: What's on the agenda? Whether it's a quick lunch hour workout or a casual hang; you're covered with this adidas tank top. The fit is not too tight and not too loose — just perfectly comfortable. The high neck keeps things covered up front; and the racerback shows off your sports bra while also making sure you have a full range of motion. | N26: adidas | O26: USA | P26: en | Q26: 4.8 | R26: 116 | S26: 44492.743
A27: https://www.adidas.com/us/conext-21-mini-ball/GK3487.html | B27: Conext 21 Mini Ball | C27: GK3487 | D27: 10 | E27: 14 | F27: USD | G27: InStock | H27: White | I27: Accessories | J27: adidas United States | K27: https://www.adidas.com | L27: Men/Accessories | M27: The world moves to the beat of the beautiful game. This adidas Conext 21 Mini Ball displays a vibrant design inspired by motion. Its interlinking panels represent the unity of soccer's six continental federations. Beneath the laminated surface; a foam core means you won't need a pump to keep this pint-sized ball rolling. | N27: adidas | O27: USA | P27: en | Q27: 5 | R27: 10 | S27: 44492.743
A28: https://www.adidas.com/us/essentials-logo-dress/H42010.html | B28: Essentials Logo Dress | C28: H42010 | D28: 32 | E28: 35 | F28: USD | G28: InStock | H28: Purple | I28: Clothing | J28: adidas United States | K28: https://www.adidas.com | L28: Women/Clothing | M28: If ease is what you're looking for; then the search stops here. This adidas dress is all about it. All you have to do is pull it on; and instantly you're set with comfort. And style; which just comes naturally when there's a big and undeniable adidas Badge of Sport making a statement on the front. The loose shape drapes the body in soft cotton and lets you move entirely your way. | N28: adidas | O28: USA | P28: en | Q28: 4.7 | R28: 49 | S28: 44492.743
A29: https://www.adidas.com/us/copa-sense.3-turf-shoes/FW6528.html | B29: Copa Sense.3 Turf Shoes | C29: FW6528 | D29: 64 | E29: 80 | F29: USD | G29: InStock | H29: White | I29: Shoes | J29: adidas United States | K29: https://www.adidas.com | L29: Men/Shoes | M29: In the cage. On the court. When the walls close in; your senses take over. Let Copa Sense elevate your touch as you switch up your game. The stretchy collar on these adidas soccer shoes makes for easy entry and a secure fit. Once on; the anatomically designed upper keeps you firmly locked in. Soft and durable; the leather forefoot brings step-in comfort and a touch that buys you time on the busiest courts. | N29: adidas | O29: USA | P29: en | Q29: 4.3 | R29: 106 | S29: 44492.743
A30: https://www.adidas.com/us/best-version-of-myself-slogan-graphic-tank-top/GS4153.html | B30: Best Version of Myself Slogan Graphic Tank Top | C30: GS4153 | D30: 18 | E30: 25 | F30: USD | G30: InStock | H30: Yellow | I30: Clothing | J30: adidas United States | K30: https://www.adidas.com | L30: Women/Clothing | M30: Every day brings a new opportunity to be the best version of yourself. The inspirational graphic on this adidas tank top reminds you to strive to be a little bit better than the day before. Reach for that goal in comfort; thanks to the racerback design and moisture-absorbing AEROREADY technology. By buying cotton products from us; you're supporting more sustainable cotton farming. This product is made with recycled content as part of our ambition to end plastic waste. | N30: adidas | O30: USA | P30: en | Q30: 4.4 | R30: 7 | S30: 44492.743
A31: https://www.adidas.com/us/essentials-3-stripes-full-zip-hoodie/H07840.html | B31: Essentials 3-Stripes Full-Zip Hoodie | C31: H07840 | D31: 44 | E31: 55 | F31: USD | G31: InStock | H31: Green | I31: Clothing | J31: adidas United States | K31: https://www.adidas.com | L31: Women/Clothing | M31: There are a lot of things we compromise on in life. Comfort isn't one of them. Not with this adidas hoodie; at least. It's made from soft; stretchy cotton to make sure nothing limits your movements. Whether you're warming up or laying low; the casual layer keeps you feeling good on all fronts. | N31: adidas | O31: USA | P31: en | Q31: 5 | R31: 21 | S31: 44492.743
... A846: https://www.adidas.com/us/choigo-shoes/FY6503.html | B846: Choigo Shoes | C846: FY6503 | D846: 70 | E846: 100 | F846: USD | G846: InStock | H846: Black | I846: Shoes | J846: adidas United States | K846: https://www.adidas.com | L846: Women/Shoes | M846: Take your style to bold new heights. Throw in some retro attitude while you're at it. Inspired by the style of '80s track athletes; these adidas Choigo Shoes stand out with a textile and mesh upper; performance spikes and a high-rise outsole. Stand tall and enjoy the walking-on-clouds comfort. | N846: adidas | O846: USA | P846: en | Q846: 4.7 | R846: 135 | S846: 44492.745

Sheet Analytics
A1: Average of selling price | B1: =AVERAGE(adidas_usa!$D:$D) -> 53.192899 | D1: Category list | E1: Number of items (sku) | G1: Color list | H1: Average rating
A2: Average of selling price for shoes | B2: =AVERAGEIF(adidas_usa!$I:$I,"Shoes",adidas_usa!$D:$D) -> 69.35446 | D2: Accessories | E2: =COUNTIF(adidas_usa!$I:$I,D2) -> 82 | G2: Beige | H2: =AVERAGEIFS(adidas_usa!$Q:$Q,adidas_usa!$I:$I,"Shoes",adidas_usa!$H:$H,G2) -> 4.66
D3: Clothing | E3: =COUNTIF(adidas_usa!$I:$I,D3) -> 337 | G3: Black | H3: =AVERAGEIFS(adidas_usa!$Q:$Q,adidas_usa!$I:$I,"Shoes",adidas_usa!$H:$H,G3) -> 4.5168539
D4: Shoes | E4: =COUNTIF(adidas_usa!$I:$I,D4) -> 426 | G4: Blue | H4: =AVERAGEIFS(adidas_usa!$Q:$Q,adidas_usa!$I:$I,"Shoes",adidas_usa!$H:$H,G4) -> 4.4756757
A5: Number of items in Clothing category with raiting more than 4.5 | B5: =COUNTIFS(adidas_usa!$I:$I,"Clothing",adidas_usa!$Q:$Q,">4.5") -> 244 | G5: Brown | H5: =AVERAGEIFS(adidas_usa!$Q:$Q,adidas_usa!$I:$I,"Shoes",adidas_usa!$H:$H,G5) -> #DIV/0!
G6: Burgundy | H6: =AVERAGEIFS(adidas_usa!$Q:$Q,adidas_usa!$I:$I,"Shoes",adidas_usa!$H:$H,G6) -> 4.6
G7: Gold | H7: =AVERAGEIFS(adidas_usa!$Q:$Q,adidas_usa!$I:$I,"Shoes",adidas_usa!$H:$H,G7) -> 4.7
G8: Green | H8: =AVERAGEIFS(adidas_usa!$Q:$Q,adidas_usa!$I:$I,"Shoes",adidas_usa!$H:$H,G8) -> 4.5944444
G9: Grey | H9: =AVERAGEIFS(adidas_usa!$Q:$Q,adidas_usa!$I:$I,"Shoes",adidas_usa!$H:$H,G9) -> 4.5195652
G10: Multi | H10: =AVERAGEIFS(adidas_usa!$Q:$Q,adidas_usa!$I:$I,"Shoes",adidas_usa!$H:$H,G10) -> 4.7
G11: Multicolor | H11: =AVERAGEIFS(adidas_usa!$Q:$Q,adidas_usa!$I:$I,"Shoes",adidas_usa!$H:$H,G11) -> #DIV/0!
G12: Orange | H12: =AVERAGEIFS(adidas_usa!$Q:$Q,adidas_usa!$I:$I,"Shoes",adidas_usa!$H:$H,G12) -> 4.42
G13: Pink | H13: =AVERAGEIFS(adidas_usa!$Q:$Q,adidas_usa!$I:$I,"Shoes",adidas_usa!$H:$H,G13) -> 4.5653846
G14: Purple | H14: =AVERAGEIFS(adidas_usa!$Q:$Q,adidas_usa!$I:$I,"Shoes",adidas_usa!$H:$H,G14) -> 4.6
G15: Red | H15: =AVERAGEIFS(adidas_usa!$Q:$Q,adidas_usa!$I:$I,"Shoes",adidas_usa!$H:$H,G15) -> 4.5666667
G16: Silver | H16: =AVERAGEIFS(adidas_usa!$Q:$Q,adidas_usa!$I:$I,"Shoes",adidas_usa!$H:$H,G16) -> 4.7
G17: Turquoise | H17: =AVERAGEIFS(adidas_usa!$Q:$Q,adidas_usa!$I:$I,"Shoes",adidas_usa!$H:$H,G17) -> 4.5
... G19: Yellow | H19: =AVERAGEIFS(adidas_usa!$Q:$Q,adidas_usa!$I:$I,"Shoes",adidas_usa!$H:$H,G19) -> 4.4909091
G21: Note: #DIV/0! appears for colors with no items in the Shoes category (Brown, Multicolor) - AVERAGEIFS finds 0 matching rows and divides by 0.
