Workbook

Sheet Data
A1: Course | B1: Registered | C1: Started Course | D1: Completed Module 1 | E1: Completed Final Project | F1: Graduated | G1: % registered students of total
A2: Frontend Development | B2: 320 | C2: 250 | D2: 210 | E2: 140 | F2: 120 | G2: =B2/$B$9 -> 0.17679558
A3: Fullstack Development | B3: 280 | C3: 220 | D3: 170 | E3: 110 | F3: 95 | G3: =B3/$B$9 -> 0.15469613
A4: Data Analytics | B4: 350 | C4: 300 | D4: 260 | E4: 180 | F4: 150 | G4: =B4/$B$9 -> 0.19337017
A5: QA Manual | B5: 410 | C5: 380 | D5: 340 | E5: 260 | F5: 230 | G5: =B5/$B$9 -> 0.22651934
A6: UI/UX Design | B6: 260 | C6: 200 | D6: 165 | E6: 120 | F6: 105 | G6: =B6/$B$9 -> 0.14364641
A7: DevOps Fundamentals | B7: 190 | C7: 150 | D7: 120 | E7: 80 | F7: 70 | G7: =B7/$B$9 -> 0.10497238
A9: Total | B9: =SUM(B2:B7) -> 1810 | C9: =SUM(C2:C7) -> 1500 | D9: =SUM(D2:D7) -> 1265 | E9: =SUM(E2:E7) -> 890 | F9: =SUM(F2:F7) -> 770 | G9: =SUM(G2:G7) -> 1
A11: Total registered students: | B11: =SUM(B2:B7) -> 1810
A12: Source: online_courses_stats.csv (blue = raw input data)

Sheet Conversion
A1: Course | B1: Total conversion | C1: Step 1: Registered -> Started Course | D1: Step 2: Started Course -> Completed Module 1 | E1: Step 3: Completed Module 1 -> Completed Final Project | F1: Step 4: Completed Final Project -> Graduated
A2: =Data!A2 -> Frontend Development | B2: =Data!F2/Data!B2 -> 0.375 | C2: =Data!C2/Data!B2 -> 0.78125 | D2: =Data!D2/Data!C2 -> 0.84 | E2: =Data!E2/Data!D2 -> 0.66666667 | F2: =Data!F2/Data!E2 -> 0.85714286
A3: =Data!A3 -> Fullstack Development | B3: =Data!F3/Data!B3 -> 0.33928571 | C3: =Data!C3/Data!B3 -> 0.78571429 | D3: =Data!D3/Data!C3 -> 0.77272727 | E3: =Data!E3/Data!D3 -> 0.64705882 | F3: =Data!F3/Data!E3 -> 0.86363636
A4: =Data!A4 -> Data Analytics | B4: =Data!F4/Data!B4 -> 0.42857143 | C4: =Data!C4/Data!B4 -> 0.85714286 | D4: =Data!D4/Data!C4 -> 0.86666667 | E4: =Data!E4/Data!D4 -> 0.69230769 | F4: =Data!F4/Data!E4 -> 0.83333333
A5: =Data!A5 -> QA Manual | B5: =Data!F5/Data!B5 -> 0.56097561 | C5: =Data!C5/Data!B5 -> 0.92682927 | D5: =Data!D5/Data!C5 -> 0.89473684 | E5: =Data!E5/Data!D5 -> 0.76470588 | F5: =Data!F5/Data!E5 -> 0.88461538
A6: =Data!A6 -> UI/UX Design | B6: =Data!F6/Data!B6 -> 0.40384615 | C6: =Data!C6/Data!B6 -> 0.76923077 | D6: =Data!D6/Data!C6 -> 0.825 | E6: =Data!E6/Data!D6 -> 0.72727273 | F6: =Data!F6/Data!E6 -> 0.875
A7: =Data!A7 -> DevOps Fundamentals | B7: =Data!F7/Data!B7 -> 0.36842105 | C7: =Data!C7/Data!B7 -> 0.78947368 | D7: =Data!D7/Data!C7 -> 0.8 | E7: =Data!E7/Data!D7 -> 0.66666667 | F7: =Data!F7/Data!E7 -> 0.875
A9: Total (all courses) | B9: =Data!F9/Data!B9 -> 0.42541436 | C9: =Data!C9/Data!B9 -> 0.82872928 | D9: =Data!D9/Data!C9 -> 0.84333333 | E9: =Data!E9/Data!D9 -> 0.70355731 | F9: =Data!F9/Data!E9 -> 0.86516854
A11: Conversion = students at next stage / students at previous stage. Total conversion = Graduated / Registered.

Sheet Answers
A1: Відповіді на питання
A3: Питання | B3: Відповідь | C3: Показник | D3: Пояснення
A4: Який курс є найбільш популярним серед студентів? | B4: =INDEX(Data!A2:A7,MATCH(MAX(Data!B2:B7),Data!B2:B7,0)) -> QA Manual | C4: =MAX(Data!B2:B7) -> 410 | D4: ="Найбільша кількість реєстрацій: "&C4&" студентів ("&TEXT(C4/Data!B9,"0.0%")&" від загальної кількості)" -> Найбільша кількість реєстрацій: 410 студентів (22.7% від загальної кількості)
A5: Який курс є найменш популярним? | B5: =INDEX(Data!A2:A7,MATCH(MIN(Data!B2:B7),Data!B2:B7,0)) -> DevOps Fundamentals | C5: =MIN(Data!B2:B7) -> 190 | D5: ="Найменша кількість реєстрацій: "&C5&" студентів ("&TEXT(C5/Data!B9,"0.0%")&" від загальної кількості)" -> Найменша кількість реєстрацій: 190 студентів (10.5% від загальної кількості)
A6: Яке найбільш “вразливе” місце воронки? | B6: =INDEX(Conversion!C1:F1,MATCH(MIN(Conversion!C9:F9),Conversion!C9:F9,0)) -> Step 3: Completed Module 1 -> Completed Final Project | C6: =MIN(Conversion!C9:F9) -> 0.70355731 | D6: ="Найнижча конверсія по всіх курсах: лише "&TEXT(C6,"0.0%")&" студентів переходять на наступний етап, втрачається "&(Data!D9-Data!E9)&" студентів ("&TEXT(1-C6,"0.0%")&") — найбільше серед усіх етапів. Цей етап найслабший для кожного курсу." -> Найнижча конверсія по всіх курсах: лише 70.4% студентів переходять на наступний етап, втрачається 375 студентів (29.6%) — найбільше серед усіх етапів. Цей етап найслабший для кожного курсу.
A8: Втрати студентів на кожному етапі (всі курси разом)
A9: Етап | B9: Студентів на вході | C9: Втрачено студентів | D9: % втрат
A10: Step 1: Registered -> Started Course | B10: =Data!B9 -> 1810 | C10: =Data!B9-Data!C9 -> 310 | D10: =C10/B10 -> 0.17127072
A11: Step 2: Started Course -> Completed Module 1 | B11: =Data!C9 -> 1500 | C11: =Data!C9-Data!D9 -> 235 | D11: =C11/B11 -> 0.15666667
A12: Step 3: Completed Module 1 -> Completed Final Project | B12: =Data!D9 -> 1265 | C12: =Data!D9-Data!E9 -> 375 | D12: =C12/B12 -> 0.29644269
A13: Step 4: Completed Final Project -> Graduated | B13: =Data!E9 -> 890 | C13: =Data!E9-Data!F9 -> 120 | D13: =C13/B13 -> 0.13483146
